{"train/loss": 1.2945, "train/grad_norm": 0.13614932112384187, "train/learning_rate": 8.618017903708197e-08, "train/epoch": 1.0, "train/global_step": 214, "_timestamp": 1724905615.5717936, "_runtime": 3048.6591844558716, "_step": 43, "eval/loss": 1.2931691408157349, "eval/runtime": 171.6843, "eval/samples_per_second": 7.968, "eval/steps_per_second": 0.996, "train_runtime": 3050.7231, "train_samples_per_second": 2.245, "train_steps_per_second": 0.07, "total_flos": 537924319838208.0, "train_loss": 1.3285615043105365, "_wandb": {"runtime": 3058}}